"population_id","n","B","empirical_mean","theoretical_mean","mean_error","empirical_se","theoretical_se","relative_se_error","skewness","excess_kurtosis","qq_rmse","seed_label"
"standard_normal",1,10000,-0.00133355223982308,0,-0.00133355223982308,1.00122998892861,1,0.00122998892860671,0.00305345767910518,-0.0224883604478262,0.0110279442857997,"student_seed"
"standard_normal",2,10000,-9.39428873924508e-05,0,-9.39428873924508e-05,0.70418822073808,0.707106781186547,0.00412746776882797,-0.0133711785793113,0.00462521582031521,0.0123995081830006,"student_seed"
"standard_normal",3,10000,-0.00101575130567916,0,-0.00101575130567916,0.574554373050724,0.577350269189626,0.00484263416526366,-0.0330734227775374,-0.0411641264459469,0.0158746758636111,"student_seed"
"standard_normal",5,10000,0.0018061175453364,0,0.0018061175453364,0.449423749208605,0.447213595499958,0.00494205393325788,-0.0017762889352721,-0.0652897207365355,0.0118238603802491,"student_seed"
"standard_normal",10,10000,0.000285676542295241,0,0.000285676542295241,0.318365612576654,0.316227766016838,0.00676046441697545,0.00442835121786232,-0.0111526396811592,0.0149744322570214,"student_seed"
"standard_normal",15,10000,-0.00155781511149217,0,-0.00155781511149217,0.260474039026047,0.258198889747161,0.00881161526726001,-0.0343169179940168,-0.0553871739687028,0.0133783986166296,"student_seed"
"standard_normal",20,10000,-0.00325871650068219,0,-0.00325871650068219,0.223678539410279,0.223606797749979,0.000320838458497362,0.0166320258364676,0.0865298048456426,0.0136920724054886,"student_seed"
"standard_normal",30,10000,-0.00257957089450284,0,-0.00257957089450284,0.183233656864468,0.182574185835055,0.00361207158830316,-0.0269682551291234,0.116628781200046,0.0175045564739819,"student_seed"
"standard_normal",50,10000,0.000516903945670738,0,0.000516903945670738,0.140938845861659,0.14142135623731,0.00341186358615378,0.0584273314106643,-0.0592380434063741,0.0184244134708473,"student_seed"
"standard_normal",75,10000,-6.30900390621753e-05,0,-6.30900390621753e-05,0.116300212104514,0.115470053837925,0.00718938148027739,0.0292524901307639,0.043472970797331,0.0126316542147886,"student_seed"
"standard_normal",90,10000,0.000461750929568471,0,0.000461750929568471,0.105490379593539,0.105409255338946,0.000769612253988621,0.0167801740169131,0.0406372811781532,0.0135694698782907,"student_seed"
"standard_normal",95,10000,-0.000927444115723254,0,-0.000927444115723254,0.102873244448067,0.102597835208515,0.00268435721857053,-0.000933432101359998,-0.0573669912788929,0.0107141712182654,"student_seed"
"standard_normal",98,10000,-0.0016002460968559,0,-0.0016002460968559,0.100232231044131,0.101015254455221,0.00775153629333649,0.0154917412397725,-0.00646523699468812,0.0124033339336568,"student_seed"
"standard_normal",99,10000,0.000576965636622314,0,0.000576965636622314,0.100163230930681,0.100503781525921,0.00338843563962904,0.0624041236577444,-0.0495279895670323,0.0185806630320248,"student_seed"
"standard_normal",100,10000,-0.000657460923377358,0,-0.000657460923377358,0.100508945006926,0.1,0.00508945006925499,-0.0410008033602602,0.0443281911365161,0.0150569180534072,"student_seed"
"standard_normal",101,10000,-0.000552087367187966,0,-0.000552087367187966,0.098742235911694,0.0995037190209989,0.00765281053609829,-0.00258120376916281,0.0437280508392042,0.0109703472620483,"student_seed"
"standard_normal",102,10000,-0.000270323446377663,0,-0.000270323446377663,0.0984656543463228,0.0990147542976674,0.00554563767025984,-0.0197631318705123,-0.00821594903170289,0.00994572215266546,"student_seed"
"standard_normal",105,10000,-0.00117568580913968,0,-0.00117568580913968,0.0976757650915648,0.0975900072948533,0.000878755920699142,-0.00134003472682165,-0.0481036061288347,0.0106809342771696,"student_seed"
"standard_normal",110,10000,0.000513401052609364,0,0.000513401052609364,0.0960121400611795,0.0953462589245592,0.00698382027916887,-0.0219603016191364,-0.0447898332305325,0.013506964922378,"student_seed"
"standard_normal",150,10000,-0.00024642822282095,0,-0.00024642822282095,0.0816058439836671,0.0816496580927726,0.000536611054216104,0.00443736919812586,0.0291971112482418,0.013416443989382,"student_seed"
"standard_normal",200,10000,0.000417872990203434,0,0.000417872990203434,0.0701368680454754,0.0707106781186548,0.0081148998771647,-0.00521335218498696,-0.0030006056648922,0.0105709996655872,"student_seed"
"standard_normal",290,10000,0.00102768779387381,0,0.00102768779387381,0.0586334031237381,0.0587220219514703,0.00150912425674759,0.00814054242139978,-0.0505327081216435,0.016317117304843,"student_seed"
"standard_normal",295,10000,-0.000721415610635808,0,-0.000721415610635808,0.0581833976500443,0.0582222509739582,0.000667327752946569,-0.017519926960173,0.0752342467292656,0.0156837654162928,"student_seed"
"standard_normal",298,10000,-0.000762270485079128,0,-0.000762270485079128,0.0582162761569055,0.0579284446363492,0.00496874242633534,-0.00576882396141904,-0.0534209284147627,0.013509031836884,"student_seed"
"standard_normal",299,10000,-7.59594814378681e-05,0,-7.59594814378681e-05,0.057355207852707,0.057831493196624,0.00823574349528931,-0.0193634148552277,0.124438372765443,0.0161284964507124,"student_seed"
"standard_normal",300,10000,-0.000346787094494698,0,-0.000346787094494698,0.0579729792855347,0.0577350269189626,0.00412145588684261,0.0343532094265472,-0.0382467609693132,0.0147507194342622,"student_seed"
"standard_normal",301,10000,-0.00032863686074968,0,-0.00032863686074968,0.0577470588288855,0.0576390417704235,0.00187402592312832,-0.0174262964930831,-0.00375626678546185,0.0117482687930398,"student_seed"
"standard_normal",302,10000,-0.000966989009330886,0,-0.000966989009330886,0.0569169942040275,0.0575435337648436,0.0108880967125944,0.02104555118305,-0.0123505119766588,0.0144192657768856,"student_seed"
"standard_normal",305,10000,0.000807411058090477,0,0.000807411058090477,0.056978046358374,0.0572598334313868,0.00492119966346983,0.0117006439794765,-0.0456166739428131,0.0111777236310744,"student_seed"
"standard_normal",310,10000,8.83192872087699e-05,0,8.83192872087699e-05,0.0568358576932033,0.0567961834247065,0.000698537579543404,-0.0334308849669899,-0.0308501537918677,0.0121222457351789,"student_seed"
"standard_normal",490,10000,-0.00026609210327545,0,-0.00026609210327545,0.0451436527030267,0.0451753951452626,0.000702648911732599,-0.0136614047869793,-0.0276731114819303,0.0125202037646884,"student_seed"
"standard_normal",495,10000,0.000104356794086506,0,0.000104356794086506,0.0449831938535148,0.0449466574975495,0.000812882603502523,0.0209078678216252,0.0250212157077017,0.0137761425037709,"student_seed"
"standard_normal",498,10000,-0.000362952052073783,0,-0.000362952052073783,0.044851454695739,0.0448110714948221,0.000901188022730893,0.0769471626387694,0.00381701787805604,0.0219331652196755,"student_seed"
"standard_normal",499,10000,7.75845970750167e-05,0,7.75845970750167e-05,0.0449193030984246,0.0447661481035845,0.00342122343172604,-0.0327951382333073,0.0206445918611086,0.0149357636019559,"student_seed"
"standard_normal",500,10000,-0.000765490683645887,0,-0.000765490683645887,0.0449922839533693,0.0447213595499958,0.00605805382706797,0.00192192762711225,-0.0387767340240993,0.0157795483351731,"student_seed"
"standard_normal",501,10000,0.000383453622620695,0,0.000383453622620695,0.044223448901974,0.044676705160877,0.0101452481169088,-0.0581884434109794,0.0288963598398067,0.0192518737496489,"student_seed"
"standard_normal",502,10000,0.00026211628732561,0,0.00026211628732561,0.0448789660025968,0.0446321842677452,0.0055292327476331,0.00420711690718085,0.0601683934277797,0.0108034106074226,"student_seed"
"standard_normal",505,10000,-9.8793906924253e-05,0,-9.8793906924253e-05,0.0446203360337876,0.0444994159489985,0.00271734094055716,-0.0149857783251837,0.0422833344679838,0.0117987967730393,"student_seed"
"standard_normal",510,10000,-0.000691037998433424,0,-0.000691037998433424,0.0438163026532847,0.0442807442770048,0.0104885685934891,0.00564197231292824,-0.0433804616441644,0.0115437467196465,"student_seed"
"standard_normal",740,10000,-1.33281134779197e-05,0,-1.33281134779197e-05,0.0371348228570836,0.0367607311046904,0.0101763958754746,-0.00569879324349338,-0.0708466849265226,0.0110419432413205,"student_seed"
"standard_normal",745,10000,6.66361527280074e-05,0,6.66361527280074e-05,0.0364598372560777,0.0366371652723656,0.00484011290091862,-0.0261185458834109,-0.0223961229285244,0.0138542098150235,"student_seed"
"standard_normal",748,10000,-0.000262617175677389,0,-0.000262617175677389,0.0364578920754406,0.0365636212063565,0.00289164824017779,0.0241115068347498,-0.0627581943871987,0.0158933161830457,"student_seed"
"standard_normal",749,10000,0.000472017202341197,0,0.000472017202341197,0.036235064004447,0.0365392047620935,0.008323683003686,-0.00711373791421385,-0.0408182195581637,0.0134520046067184,"student_seed"
"standard_normal",750,10000,5.92183197786983e-05,0,5.92183197786983e-05,0.0363013478614966,0.0365148371670111,0.00584664542081961,-0.00089240520259561,0.0354155766254099,0.0112598326018738,"student_seed"
"standard_normal",751,10000,-1.43727416736121e-05,0,-1.43727416736121e-05,0.0371345192962427,0.0364905182584413,0.0176484486528868,-0.0155389345157898,-0.0835955981730506,0.0151521693061443,"student_seed"
"standard_normal",752,10000,-0.000251741392067982,0,-0.000251741392067982,0.0363255568718987,0.0364662478744736,0.00385811567615203,-0.0165243445253129,0.00444858804940748,0.0156884364428629,"student_seed"
"standard_normal",755,10000,8.5476422063397e-05,0,8.5476422063397e-05,0.0362288675194722,0.036393726262342,0.00452986708976618,-0.0216108341630492,0.0759204163767046,0.0143424282344256,"student_seed"
"standard_normal",760,10000,-0.000244104884584154,0,-0.000244104884584154,0.036633049414056,0.0362738125055006,0.00990347812215648,-0.0342450095305207,0.101007236676961,0.016579372336137,"student_seed"
"six_sided_die",1,10000,3.5043,3.5,0.00429999999999975,1.71279738366444,1.70782512765993,0.00291145499851037,0.00134061700041825,-1.2743625784717,0.311072646135793,"student_seed"
"six_sided_die",2,10000,3.50845,3.5,0.00845000000000207,1.20397198985495,1.20761472884912,0.00301647446585611,-0.0210097127270136,-0.63834221882549,0.158604132951534,"student_seed"
"six_sided_die",3,10000,3.4927,3.5,-0.00730000000000031,0.976796300151704,0.986013297183269,0.00934774110845749,-0.0161925422172868,-0.411409433416382,0.11339675993838,"student_seed"
"six_sided_die",5,10000,3.50328,3.5,0.00327999999999973,0.769218051816994,0.763762615825973,0.0071428423936681,-0.0382414879808014,-0.207906745923573,0.0798874184182828,"student_seed"
"six_sided_die",10,10000,3.49483,3.5,-0.00517000000000012,0.541903715676229,0.540061724867322,0.00341070422896483,0.000367368203691028,-0.0884676397279815,0.0548700468919561,"student_seed"
"six_sided_die",15,10000,3.50318,3.5,0.00317999999999996,0.442477519343542,0.440958551844098,0.00344469450267252,0.024347271615697,-0.0828744157141145,0.0456095092762069,"student_seed"
"six_sided_die",20,10000,3.49138,3.5,-0.00862000000000007,0.382096578602232,0.381881307912987,0.000563710987642295,0.0430608663375538,-0.0290564694616283,0.0408709042406738,"student_seed"
"six_sided_die",30,10000,3.50013666666667,3.5,0.000136666666666674,0.311130546715495,0.311804782231162,0.00216236425510273,-0.0209549026933956,0.0198767741006341,0.0332138767448198,"student_seed"
"six_sided_die",50,10000,3.500872,3.5,0.000872000000000206,0.242482163005731,0.241522945769824,0.00397153667056402,0.0229437510803459,-0.0681473799218732,0.0275731233190861,"student_seed"
"six_sided_die",75,10000,3.497804,3.5,-0.00219600000000009,0.196620432952876,0.197202659436654,0.00295242713988337,0.0602064709701441,0.0342114418833801,0.0257601743167188,"student_seed"
"six_sided_die",90,10000,3.50095888888889,3.5,0.000958888888888954,0.179258789621459,0.180020574955774,0.00423165704532441,0.00909124408025734,0.0049468993689642,0.0222522189374624,"student_seed"
"six_sided_die",95,10000,3.49717052631579,3.5,-0.00282947368421071,0.174339935245365,0.175219161012616,0.00501786312735257,0.00992937105000806,-0.0189396466021852,0.0209876565247815,"student_seed"
"six_sided_die",98,10000,3.49874183673469,3.5,-0.00125816326530614,0.170640762158823,0.172516389835589,0.0108721709198355,0.0235639648295923,-0.0242704966196888,0.0206127734495245,"student_seed"
"six_sided_die",99,10000,3.49936464646465,3.5,-0.000635353535353378,0.171606769750513,0.171642883514812,0.000210400591971984,-0.022697426415312,-0.00670858750104375,0.0209685597647276,"student_seed"
"six_sided_die",100,10000,3.499033,3.5,-0.000967000000000162,0.171291824089475,0.170782512765993,0.00298222174643663,0.0206898959762018,-0.0238341766216954,0.0208870158400822,"student_seed"
"six_sided_die",101,10000,3.50090396039604,3.5,0.000903960396039682,0.169312462193446,0.169934951639676,0.00366310426562343,-0.0243771272517795,0.0237946186614473,0.0204485598570375,"student_seed"
"six_sided_die",102,10000,3.49668039215686,3.5,-0.00331960784313701,0.169035495075785,0.169099885398631,0.000380782770457991,-0.0148251138648786,-0.04137823248823,0.0212111462721584,"student_seed"
"six_sided_die",105,10000,3.49791333333333,3.5,-0.00208666666666657,0.16620077719881,0.166666666666667,0.00279533680713834,-0.0588131517791061,0.0352818452214338,0.0242082064568328,"student_seed"
"six_sided_die",110,10000,3.50027,3.5,0.000269999999999992,0.16389190127731,0.162834736819732,0.00649225391476486,-0.00468561022159656,-0.0621651477980185,0.0201028664396422,"student_seed"
"six_sided_die",150,10000,3.49951466666667,3.5,-0.000485333333333227,0.13927130074853,0.139443337755679,0.00123374131685183,-0.0352445311177417,-0.0879998989696245,0.0226782569710322,"student_seed"
"six_sided_die",200,10000,3.500346,3.5,0.000345999999999957,0.121667356256959,0.120761472884912,0.0075014269899688,-0.0316776847800092,-0.0452242125449532,0.019177735940716,"student_seed"
"six_sided_die",290,10000,3.49985344827586,3.5,-0.000146551724137911,0.100263377141819,0.100286944635719,0.000235000617334161,-0.0126575207140426,-0.00195835311168177,0.0135697225992123,"student_seed"
"six_sided_die",295,10000,3.49971152542373,3.5,-0.000288474576271014,0.0992187945316415,0.0994334232022488,0.00215851635893855,0.0484058613906892,0.00421184647064117,0.0175908510496743,"student_seed"
"six_sided_die",298,10000,3.50107718120805,3.5,0.00107718120805389,0.0978881235035367,0.0989316533562145,0.0105479875982704,-0.0251333614251019,-0.050189189264294,0.0187419409588978,"student_seed"
"six_sided_die",299,10000,3.49966989966555,3.5,-0.000330100334448247,0.0993786217729384,0.098766077251289,0.00620197276936416,-0.0368923646763057,-0.00987904032886885,0.0171416824215084,"student_seed"
"six_sided_die",300,10000,3.50002533333333,3.5,2.53333333333217e-05,0.0985939275289699,0.0986013297183269,7.50719019525559e-05,0.0049175199037877,-0.0404185009131512,0.0151947468232519,"student_seed"
"six_sided_die",301,10000,3.49811528239203,3.5,-0.00188471760797349,0.0982765962793258,0.0984374038697697,0.00163360251410809,-0.0218624129484298,-0.0359977403993807,0.0174847405930747,"student_seed"
"six_sided_die",302,10000,3.50039370860927,3.5,0.00039370860927157,0.0973253983419543,0.0982742928979477,0.00965557245961331,0.00632499139559548,0.000839193891446781,0.0168296104531707,"student_seed"
"six_sided_die",305,10000,3.49817803278689,3.5,-0.00182196721311456,0.0989168437912102,0.0977897823397447,0.0115253498320486,0.0092431940059457,0.0755880764848068,0.0177572656454082,"student_seed"
"six_sided_die",310,10000,3.49953709677419,3.5,-0.000462903225806333,0.0976703976685423,0.0969979492078963,0.00693260492760265,0.0474113359395908,0.0265618232707624,0.0205533212195727,"student_seed"
"six_sided_die",490,10000,3.50039265306122,3.5,0.00039265306122438,0.0773298230935187,0.077151674981046,0.00230906344569383,0.0171082475981831,-0.0396151683847781,0.0151299453895935,"student_seed"
"six_sided_die",495,10000,3.49979212121212,3.5,-0.000207878787878979,0.0777364780607897,0.0767610310786397,0.0127075805059292,0.02943539010902,-0.0173184776417272,0.015189711551072,"student_seed"
"six_sided_die",498,10000,3.49971044176707,3.5,-0.000289558232931864,0.0761113493978832,0.0765294738962229,0.00546357471249185,0.00540727462444024,-0.0168013279230923,0.0128691222246158,"student_seed"
"six_sided_die",499,10000,3.50054368737475,3.5,0.000543687374749524,0.0766190834036757,0.0764527525998477,0.00217560255414888,-0.0264324217482506,0.129613707553053,0.0202379252125341,"student_seed"
"six_sided_die",500,10000,3.5002678,3.5,0.00026780000000004,0.0762424473258663,0.0763762615825973,0.001752039887241,0.00214882601661755,0.0659528065705105,0.0153516576943319,"student_seed"
"six_sided_die",501,10000,3.49966906187625,3.5,-0.0003309381237524,0.0764179858243523,0.0762999996948,0.00154634508550797,0.0161640852836757,0.00301815709762723,0.0146306766065455,"student_seed"
"six_sided_die",502,10000,3.49938147410359,3.5,-0.000618525896414202,0.0774807441870563,0.0762239657948036,0.0164879690940772,-0.0363327601870205,-0.0136309223879255,0.0158432087560514,"student_seed"
"six_sided_die",505,10000,3.49947643564356,3.5,-0.000523564356435635,0.0764116772363668,0.0759972207238908,0.00545357459823163,-0.0497430584014167,0.0526341024547643,0.0199525041272379,"student_seed"
"six_sided_die",510,10000,3.49943352941176,3.5,-0.000566470588235113,0.0765001414581688,0.0756237677477525,0.0115886015272269,-0.0277587350615958,0.0560266791252254,0.0154178968599706,"student_seed"
"six_sided_die",740,10000,3.49971189189189,3.5,-0.000288108108108087,0.0630629319556073,0.0627809002917403,0.00449231633436967,0.0441754836299805,-0.04563887481284,0.0171042980788303,"student_seed"
"six_sided_die",745,10000,3.49931744966443,3.5,-0.000682550335570298,0.0627027989465283,0.0625698714583758,0.00212446477920145,0.00191655246761871,0.0937645655994229,0.0173753471369349,"student_seed"
"six_sided_die",748,10000,3.50011590909091,3.5,0.000115909090909305,0.0628675801456619,0.0624442710544553,0.00677899003476978,0.0280546288664002,0.0226130070828798,0.0142564252402953,"student_seed"
"six_sided_die",749,10000,3.50075887850467,3.5,0.000758878504672822,0.0627859722168681,0.0624025720374147,0.00614398039913277,-0.00441407780971545,-0.0653528774976387,0.0164278289528381,"student_seed"
"six_sided_die",750,10000,3.4991572,3.5,-0.000842800000000032,0.0611271247904152,0.0623609564462324,0.0197853228386732,0.0224842052660007,-0.0221359047417487,0.0125407763812245,"student_seed"
"six_sided_die",751,10000,3.5001292942743,3.5,0.000129294274300751,0.0626474317903957,0.0623194240030997,0.00526333149805207,-0.0232084685229223,-0.0250147935262413,0.0144885682876395,"student_seed"
"six_sided_die",752,10000,3.5001642287234,3.5,0.000164228723404047,0.061653301755754,0.0622779744315017,0.0100303948779642,0.0594425224566062,-0.0107804791573111,0.0178798801062241,"student_seed"
"six_sided_die",755,10000,3.5001276821192,3.5,0.000127682119205108,0.0612398294678125,0.0621541202000048,0.0147100583074818,-0.0334251935216541,-0.0392355339720557,0.0182587712786393,"student_seed"
"six_sided_die",760,10000,3.50031828947368,3.5,0.000318289473684175,0.0618919401746056,0.061949328472919,0.000926374824845446,-0.0191003827028543,-0.0250269919884718,0.0136656572725375,"student_seed"
"exponential",1,10000,1.00210611545707,1,0.00210611545707184,1.01611503957771,1,0.0161150395777072,2.09431411142913,6.55055746777967,0.453007385755945,"student_seed"
"exponential",2,10000,1.0018457529686,1,0.00184575296860223,0.714037478307785,0.707106781186547,0.00980148586555456,1.41153742409358,2.87081632758453,0.326808262440666,"student_seed"
"exponential",3,10000,1.00153116624293,1,0.00153116624293159,0.577804822386368,0.577350269189626,0.000787309231500442,1.14242432217545,1.85653969478945,0.266202375873314,"student_seed"
"exponential",5,10000,0.994669634036346,1,-0.00533036596365355,0.44477506192528,0.447213595499958,0.00545272683839481,0.932574302978554,1.48852184862352,0.21364098916612,"student_seed"
"exponential",10,10000,1.00126790231607,1,0.00126790231606533,0.316919176459801,0.316227766016838,0.00218643179778991,0.563244032021915,0.354409370064081,0.136248249167183,"student_seed"
"exponential",15,10000,1.00073065622097,1,0.00073065622097146,0.261861480450922,0.258198889747161,0.0141851527996405,0.583500220954009,0.584564628104997,0.135389868652178,"student_seed"
"exponential",20,10000,1.00262923738249,1,0.00262923738249166,0.224309517047396,0.223606797749979,0.00314265623625271,0.493490584356747,0.395367315692871,0.115674974578982,"student_seed"
"exponential",30,10000,0.999542821638569,1,-0.000457178361431221,0.18022751719524,0.182574185835055,0.0128532334901708,0.351900705312835,0.138344645358906,0.0844146947355667,"student_seed"
"exponential",50,10000,0.999997024734974,1,-2.97526502646139e-06,0.141127928666484,0.14142135623731,0.00207484625117658,0.233314195678779,-0.0623143223000685,0.0593296547618159,"student_seed"
"exponential",75,10000,0.999548831388069,1,-0.000451168611931285,0.115364734967132,0.115470053837925,0.000912088176047133,0.224781043732469,0.0779878911597427,0.0543209427376784,"student_seed"
"exponential",90,10000,0.999882204214635,1,-0.000117795785364749,0.105211778282549,0.105409255338946,0.00187343185151697,0.221530275823421,0.063280288536488,0.0538407558009322,"student_seed"
"exponential",95,10000,1.00060115966785,1,0.000601159667851681,0.10182805393544,0.102597835208515,0.00750289975915555,0.225281808367221,0.164683872015162,0.0545684383241303,"student_seed"
"exponential",98,10000,1.00218702992773,1,0.00218702992772801,0.100620098739856,0.101015254455221,0.00391184200343294,0.238753589981251,0.0757751649121118,0.0574785359581714,"student_seed"
"exponential",99,10000,1.000748123141,1,0.000748123141002921,0.100578168772697,0.100503781525921,0.000740143760226809,0.167676034706264,-0.030909213327128,0.0423239305888964,"student_seed"
"exponential",100,10000,1.00073824727903,1,0.000738247279025828,0.100403066884722,0.1,0.00403066884721914,0.199023190833482,0.0711692736744589,0.0481894925519003,"student_seed"
"exponential",101,10000,0.999592100558025,1,-0.000407899441975279,0.0989594636598904,0.0995037190209989,0.00546969868526878,0.197701877601186,0.0756940103984722,0.0477496874634106,"student_seed"
"exponential",102,10000,1.00111788215203,1,0.00111788215202813,0.0977106265773474,0.0990147542976674,0.013171044351627,0.200297175549969,0.0497173108280809,0.0490601131205859,"student_seed"
"exponential",105,10000,0.999477610118521,1,-0.000522389881479235,0.0967913829619273,0.0975900072948533,0.00818346421998995,0.197648351047228,0.0535174234228094,0.0483059916935196,"student_seed"
"exponential",110,10000,0.999543220763021,1,-0.000456779236979066,0.095313841444169,0.0953462589245592,0.000339997402686748,0.189004985889738,0.0930377147213709,0.0455865891829359,"student_seed"
"exponential",150,10000,1.00072601704761,1,0.000726017047606442,0.0823556840005273,0.0816496580927726,0.00864701609592096,0.186667581407648,0.063122766047846,0.0453683711506884,"student_seed"
"exponential",200,10000,0.999717864844252,1,-0.000282135155748375,0.0700445078978897,0.0707106781186548,0.00942106961054958,0.185917736709495,0.095523359685758,0.0453094346252336,"student_seed"
"exponential",290,10000,0.998556116424137,1,-0.00144388357586334,0.0589922249700062,0.0587220219514703,0.00460139159988715,0.11230771635182,-0.0531524470972617,0.0296598088177574,"student_seed"
"exponential",295,10000,1.0001961135993,1,0.000196113599298275,0.0582104451567518,0.0582222509739582,0.000202771569440733,0.131716300463569,0.029049036033785,0.0331587423685544,"student_seed"
"exponential",298,10000,1.00042582026528,1,0.000425820265276933,0.0576079023920499,0.0579284446363492,0.00553341706844694,0.12913581695516,-0.0346568944182853,0.0327579400578419,"student_seed"
"exponential",299,10000,0.999597709587975,1,-0.000402290412025441,0.0577060481271577,0.057831493196624,0.00216914802873672,0.124685137138442,0.0123219033458108,0.0316767043816265,"student_seed"
"exponential",300,10000,1.00103165802097,1,0.00103165802096572,0.057617044056542,0.0577350269189626,0.00204352312134845,0.112520162453857,-0.0468015619006809,0.0300250634775763,"student_seed"
"exponential",301,10000,1.00009468693005,1,9.46869300517683e-05,0.0582945087688527,0.0576390417704235,0.0113719274001804,0.124711815250593,-0.0517313292307342,0.0337335595137663,"student_seed"
"exponential",302,10000,1.00124875219764,1,0.00124875219764053,0.0573835484559839,0.0575435337648436,0.00278024824671819,0.0882908026060814,-0.0413515943517219,0.0266257000915586,"student_seed"
"exponential",305,10000,0.999643683270161,1,-0.000356316729838935,0.0575253516686409,0.0572598334313868,0.00463707666163974,0.160821064290127,0.0422760542352996,0.0390649124528816,"student_seed"
"exponential",310,10000,0.999537448418191,1,-0.000462551581808857,0.0577081385925323,0.0567961834247065,0.0160566276259536,0.12648232166113,-0.0173797472457946,0.0326995854030658,"student_seed"
"exponential",490,10000,1.00059742162335,1,0.000597421623348415,0.0456103824788151,0.0451753951452626,0.00962885509144504,0.139403553055363,0.0694004405778126,0.0355006433736662,"student_seed"
"exponential",495,10000,0.999487449840119,1,-0.000512550159881164,0.0440382372878463,0.0449466574975495,0.0202110737545437,0.106373763266143,0.0552503928025934,0.0291461740473359,"student_seed"
"exponential",498,10000,1.00009605861266,1,9.60586126603769e-05,0.0452154719317944,0.0448110714948221,0.00902456521306344,0.0852323452802976,0.0523884245295409,0.0231923524246435,"student_seed"
"exponential",499,10000,0.999707880548197,1,-0.000292119451802964,0.0449391448484805,0.0447661481035845,0.00386445455382166,0.126187777861883,0.121943898810077,0.0325081845223588,"student_seed"
"exponential",500,10000,1.00083835366548,1,0.000838353665475244,0.0444104384281658,0.0447213595499958,0.00695240764052288,0.0935500097850901,-0.0281821013300205,0.0257169909123874,"student_seed"
"exponential",501,10000,0.999269681636497,1,-0.000730318363502902,0.0448286171206094,0.044676705160877,0.00340024984352145,0.0888936705617648,0.0864602180861745,0.0242441578985205,"student_seed"
"exponential",502,10000,1.00074926754729,1,0.000749267547288213,0.0448220989040202,0.0446321842677452,0.00425510513076648,0.0734385901018808,0.042098919177342,0.0220164375833018,"student_seed"
"exponential",505,10000,1.00066697065208,1,0.000666970652078991,0.0446751579253343,0.0444994159489985,0.00394930972885726,0.0902825623521509,-0.0899452073948945,0.0270125931566832,"student_seed"
"exponential",510,10000,1.00015028684554,1,0.000150286845538306,0.0443580959078774,0.0442807442770048,0.00174684577090086,0.0659767587694426,0.0201827136805528,0.0185435143742083,"student_seed"
"exponential",740,10000,0.99992042970043,1,-7.95702995697312e-05,0.0366960630564865,0.0367607311046904,0.00175916110100517,0.0831052899802944,0.0561561993588452,0.0221531145490822,"student_seed"
"exponential",745,10000,0.999950255311726,1,-4.97446882735675e-05,0.0365356980327444,0.0366371652723656,0.00276951666065926,0.0774841361721482,-0.00216659429755365,0.0220240031353926,"student_seed"
"exponential",748,10000,0.999864789638088,1,-0.000135210361911775,0.0362337269832228,0.0365636212063565,0.00902247130479346,0.0495373427605115,0.080988684882272,0.0182965298532705,"student_seed"
"exponential",749,10000,1.00000800861854,1,8.00861853700319e-06,0.0359785930923085,0.0365392047620935,0.0153427441411238,0.0720014345515068,0.0327637064686836,0.0224457293825879,"student_seed"
"exponential",750,10000,1.00015039311314,1,0.00015039311313636,0.0364384452639055,0.0365148371670111,0.00209207842708238,0.0848055410932889,0.089986388534931,0.0238853344217967,"student_seed"
"exponential",751,10000,1.00027455253037,1,0.000274552530370009,0.0364930446807712,0.0364905182584413,6.92350355787401e-05,0.0835560875605203,0.0509461490438746,0.023804272411439,"student_seed"
"exponential",752,10000,1.00008590452154,1,8.59045215355625e-05,0.0366023991782201,0.0364662478744736,0.00373362524752101,0.0582296432188591,0.0656408174831211,0.0185613924079488,"student_seed"
"exponential",755,10000,1.00004218363227,1,4.21836322721525e-05,0.0365795126961164,0.036393726262342,0.00510490276360376,0.1188099365497,0.0775512717179033,0.0300702677444959,"student_seed"
"exponential",760,10000,1.00050621347512,1,0.000506213475121697,0.0369927584053431,0.0362738125055006,0.0198199706670903,0.0707466360940745,-0.0332993708457821,0.0202143216927214,"student_seed"
"exponential",1000,10000,0.999626677005115,1,-0.000373322994885017,0.0315821576785506,0.0316227766016838,0.00128448313204065,0.0375102754439344,-0.0150996112014013,0.0142365543698189,"student_seed"
"binomial_small",1,10000,0.5038,0.5,0.00380000000000047,0.671439232592432,0.670820393249937,0.000922511224647165,1.15794485188024,0.850953290077291,0.56089972691373,"student_seed"
"binomial_small",2,10000,0.49885,0.5,-0.00115000000000021,0.472753664293278,0.474341649025257,0.00334776576175037,0.856633216923273,0.539746148109716,0.40811496034628,"student_seed"
"binomial_small",3,10000,0.502566666666667,0.5,0.00256666666666661,0.390509347988251,0.387298334620742,0.00829080086454291,0.705619968628977,0.414077688391782,0.326000854623992,"student_seed"
"binomial_small",5,10000,0.5035,0.5,0.00349999999999995,0.300407680456822,0.3,0.00135893485607182,0.516693779378869,0.142024135309945,0.241519681486251,"student_seed"
"binomial_small",10,10000,0.49957,0.5,-0.000429999999999986,0.210716053554347,0.212132034355964,0.00667499751235683,0.379202066320251,0.104529215300741,0.16749935775002,"student_seed"
"binomial_small",15,10000,0.502433333333333,0.5,0.00243333333333329,0.173714282975397,0.173205080756888,0.0029398803792856,0.331131844225927,0.107073069913313,0.137484794058962,"student_seed"
"binomial_small",20,10000,0.49917,0.5,-0.000829999999999997,0.149574557846037,0.15,0.00283628102641746,0.305124886331873,0.194288218609023,0.120795993115378,"student_seed"
"binomial_small",30,10000,0.499563333333333,0.5,-0.000436666666666641,0.121846281010399,0.122474487139159,0.0051292815625005,0.216333616910911,0.0302239385920609,0.0958706756057257,"student_seed"
"binomial_small",50,10000,0.50076,0.5,0.000759999999999983,0.094120711168304,0.0948683298050514,0.00788059237770595,0.151098277164728,0.0241004012255163,0.072143890179399,"student_seed"
"binomial_small",75,10000,0.499688,0.5,-0.000311999999999979,0.0761342824591074,0.0774596669241483,0.0171106398680858,0.170802757409912,-0.0485373026556965,0.066674400668395,"student_seed"
"binomial_small",90,10000,0.499173333333333,0.5,-0.000826666666666642,0.070828891532035,0.0707106781186548,0.00167179012456829,0.153971783890537,0.0262250804022693,0.059295453708941,"student_seed"
"binomial_small",95,10000,0.500013684210526,0.5,1.36842105262769e-05,0.0690326504948189,0.0688247201611685,0.00302115770559527,0.153877654431168,0.113311322577311,0.060726467152712,"student_seed"
"binomial_small",98,10000,0.499340816326531,0.5,-0.000659183673469399,0.0674779182416524,0.0677630927178938,0.0042084040855201,0.137357324631661,-0.0136835868494936,0.0562310322377278,"student_seed"
"binomial_small",99,10000,0.499377777777778,0.5,-0.000622222222222191,0.067110870658268,0.0674199862463242,0.00458492511295994,0.12628681789633,0.0477129722950956,0.0551532585640536,"student_seed"
"binomial_small",100,10000,0.49867,0.5,-0.00133,0.0675248625374839,0.0670820393249937,0.00660121870095303,0.112730304696106,-0.0688843760384106,0.0525582281096155,"student_seed"
"binomial_small",101,10000,0.499471287128713,0.5,-0.00052871287128714,0.066910122938653,0.0667491239234977,0.0024120019214011,0.110397994331438,-0.00436059954697186,0.0509529418507282,"student_seed"
"binomial_small",102,10000,0.500519607843137,0.5,0.000519607843137204,0.0666493724693892,0.0664211164155071,0.00343649830355329,0.0676023741203353,-0.0290874353271176,0.0466843523498021,"student_seed"
"binomial_small",105,10000,0.499731428571429,0.5,-0.000268571428571451,0.0657697307831715,0.0654653670707977,0.00464923250250173,0.134997106530932,0.0295065396857588,0.0532883012030187,"student_seed"
"binomial_small",110,10000,0.498502727272727,0.5,-0.00149727272727274,0.0637358243768909,0.0639602149066831,0.00350828292430866,0.0789416358875095,-0.130439524987195,0.0494753700765419,"student_seed"
"binomial_small",150,10000,0.500031333333333,0.5,3.13333333333832e-05,0.0547543295060764,0.0547722557505166,0.000327286948375073,0.0792416529003305,-0.00811116868251131,0.0417013187514408,"student_seed"
"binomial_small",200,10000,0.499904,0.5,-9.5999999999985e-05,0.0473511351183859,0.0474341649025257,0.00175042154342522,0.104286400796588,-0.0546654222832055,0.0417043432621089,"student_seed"
"binomial_small",290,10000,0.499987586206897,0.5,-1.24137931034607e-05,0.0399729136624353,0.0393919298579168,0.0147488027779838,0.0382204242037457,-0.0857725262087498,0.0304030659886139,"student_seed"
"binomial_small",295,10000,0.499772542372881,0.5,-0.000227457627118621,0.0388999063570014,0.0390566732942472,0.00401383231143856,0.125449176631007,0.21591767722674,0.0433134344901158,"student_seed"
"binomial_small",298,10000,0.500325167785235,0.5,0.000325167785234948,0.038581897095222,0.038859582011313,0.00714585442555966,0.0617794719323052,-0.0145026885211407,0.0323478078167114,"student_seed"
"binomial_small",299,10000,0.500133779264214,0.5,0.000133779264213985,0.0388585154343838,0.0387945450083904,0.00164895415011541,0.0210824502991348,0.02185936373987,0.0280586746305918,"student_seed"
"binomial_small",300,10000,0.499883,0.5,-0.000116999999999978,0.0388225353647518,0.0387298334620742,0.00239355283488146,0.0839391414233227,-0.0220113642704536,0.0330050355223586,"student_seed"
"binomial_small",301,10000,0.49966146179402,0.5,-0.000338538205980066,0.0384980952327047,0.038665444666985,0.00432813939479172,0.0945824896476413,0.017142434367907,0.0352900524020484,"student_seed"
"binomial_small",302,10000,0.500546357615894,0.5,0.000546357615894055,0.0387775474431257,0.0386013759491234,0.00456386565687382,0.0726887962436324,0.0232187677818521,0.0321943665249151,"student_seed"
"binomial_small",305,10000,0.499278032786885,0.5,-0.000721967213114738,0.0380434941877579,0.0384110639798688,0.00956937283235679,0.0768705812274891,-0.00302896605243667,0.0329062945986884,"student_seed"
"binomial_small",310,10000,0.500163548387097,0.5,0.000163548387096757,0.0379825790656766,0.0381000381000572,0.00308291120528697,0.0900301590243507,-0.0236344615469814,0.0338713661565705,"student_seed"
"binomial_small",490,10000,0.499991428571429,0.5,-8.57142857141335e-06,0.0303095950504097,0.0303045763365663,0.000165609107602671,0.0545385261122823,-0.0681766582653796,0.0263261865228346,"student_seed"
"binomial_small",495,10000,0.500174545454545,0.5,0.000174545454545427,0.0299216861922967,0.0301511344577764,0.00760993805394,0.0575303957766767,0.0534680296480426,0.0273936686833464,"student_seed"
"binomial_small",498,10000,0.499683734939759,0.5,-0.000316265060240961,0.0300055922939567,0.0300601806021076,0.00181596740463403,0.0559847159747677,0.022474102897521,0.0259417960383814,"student_seed"
"binomial_small",499,10000,0.499708216432866,0.5,-0.000291783567134274,0.0300649633968056,0.0300300450751315,0.00116277952919473,0.00950063687719538,0.075882238429769,0.024288024992414,"student_seed"
"binomial_small",500,10000,0.4997372,0.5,-0.000262800000000007,0.0297510781119758,0.03,0.00829739626747236,0.0778438764202432,-0.0176199325406038,0.0303696246702068,"student_seed"
"binomial_small",501,10000,0.499523952095808,0.5,-0.000476047904191645,0.0302374897650985,0.029970044925131,0.00892373837395299,0.0390260215898468,-0.0159194742791013,0.0255697374389638,"student_seed"
"binomial_small",502,10000,0.499936653386454,0.5,-6.33466135457894e-05,0.0302094761037648,0.0299401794020925,0.00899449191855909,0.080196458121105,-0.0497247861780106,0.0297762171502405,"student_seed"
"binomial_small",505,10000,0.500000594059406,0.5,5.94059405889524e-07,0.0297686929384983,0.0298511157062997,0.00276112854917536,0.0583919543146319,0.0665467342414103,0.02816562670345,"student_seed"
"binomial_small",510,10000,0.500538235294118,0.5,0.000538235294117673,0.0299921780488903,0.0297044262893002,0.00968716772334122,0.0357826491446936,0.0435595316492812,0.0244815347789908,"student_seed"
"binomial_small",740,10000,0.499876216216216,0.5,-0.000123783783783804,0.0247492815714672,0.0246598480958036,0.00362668396480682,0.0578807045726175,0.0299038155851423,0.0244092245711942,"student_seed"
"binomial_small",745,10000,0.500008993288591,0.5,8.99328859060855e-06,0.0243084747427337,0.0245769576155712,0.010924170397211,0.0388633711959551,-0.0386172146661854,0.0215709298772029,"student_seed"
"binomial_small",748,10000,0.499852272727273,0.5,-0.000147727272727272,0.0244158440157244,0.0245276227562898,0.0045572594489108,0.0521782856278642,-0.0323071111774292,0.0223436624329151,"student_seed"
"binomial_small",749,10000,0.499744726301736,0.5,-0.000255273698264336,0.0244079217824729,0.0245112437075475,0.00421528692331579,0.0536643737024764,-0.0266834278713504,0.0223944857170396,"student_seed"
"binomial_small",750,10000,0.4998044,0.5,-0.000195600000000018,0.0242578401170208,0.0244948974278318,0.00967782418805574,0.0609541649310417,0.00118632154435363,0.0231603150044749,"student_seed"
"binomial_small",751,10000,0.500384154460719,0.5,0.000384154460719044,0.0246974371923808,0.0244785838080216,0.00894060645320086,0.0445234138431695,0.0975532510530798,0.0239832718217488,"student_seed"
"binomial_small",752,10000,0.500032180851064,0.5,3.21808510638233e-05,0.024736159265182,0.0244623027395041,0.0111950427804843,0.0657413964838678,0.0585190273810494,0.0257181993112324,"student_seed"
"binomial_small",755,10000,0.500235496688742,0.5,0.000235496688741677,0.0245391651913915,0.0244136537631348,0.00514103417187975,0.034045834194272,0.0285696572970516,0.0216889093781938,"student_seed"
"binomial_small",760,10000,0.499643289473684,0.5,-0.000356710526315807,0.0240399232712451,0.0243332131696144,0.0120530690429148,0.0409263117119563,-0.0302550148320636,0.0224164648194375,"student_seed"
"binomial_small",1000,10000,0.4999176,0.5,-8.23999999999825e-05,0.0209866875505742,0.0212132034355964,0.0106780612230441,0.0236507463259788,0.024576166532944,0.0175660506475869,"student_seed"
"cauchy",1,10000,0.821407436169058,NA,NA,103.516386728626,NA,NA,71.354040346162,6591.85608633019,1.30185233700392,"student_seed"
"cauchy",2,10000,41.8030899606889,NA,NA,4168.72820205371,NA,NA,99.954233531922,9993.90856448543,1.38356111522499,"student_seed"
"cauchy",3,10000,-1.30962758750309,NA,NA,194.510342126332,NA,NA,-69.788199409541,6913.87618816083,1.34008026982989,"student_seed"
"cauchy",5,10000,0.269393406130804,NA,NA,69.1586337473035,NA,NA,7.64586598007325,1538.55014426644,1.24854346201497,"student_seed"
"cauchy",10,10000,-0.109749091792203,NA,NA,53.8661514848859,NA,NA,42.6788220159111,3998.36173546636,1.24001671983696,"student_seed"
"cauchy",15,10000,0.75140311605799,NA,NA,116.700077123127,NA,NA,29.3261233771689,3608.00074668035,1.29748922918688,"student_seed"
"cauchy",20,10000,0.356656308210391,NA,NA,160.173314826425,NA,NA,40.9768868231711,4224.13308885216,1.31643160730227,"student_seed"
"cauchy",30,10000,-1.45071100819288,NA,NA,138.064340179054,NA,NA,-45.0665017548358,3464.28134869542,1.30010276013539,"student_seed"
"cauchy",50,10000,0.745046097591323,NA,NA,64.1798958156546,NA,NA,39.1605895076111,2194.66109610347,1.24031796164139,"student_seed"
"cauchy",75,10000,1.40208355644628,NA,NA,128.634196762795,NA,NA,69.7189485392819,6265.15885881702,1.30786533938725,"student_seed"
"cauchy",90,10000,-1.42003184098226,NA,NA,115.538734427796,NA,NA,-91.6658391544246,8889.66695315634,1.3242579490401,"student_seed"
"cauchy",95,10000,0.075575902303186,NA,NA,42.5587090850903,NA,NA,4.3695694240572,1528.55905508469,1.19263974919193,"student_seed"
"cauchy",98,10000,0.413079083382032,NA,NA,41.721132339757,NA,NA,4.22589903087008,1319.64360098099,1.20170005690899,"student_seed"
"cauchy",99,10000,-9.82757019408505,NA,NA,752.576877330035,NA,NA,-95.0418697083709,9280.01485036888,1.36964390116394,"student_seed"
"cauchy",100,10000,-0.416169753509996,NA,NA,90.2036918285821,NA,NA,-30.5107798352158,3257.45734223553,1.27103111813766,"student_seed"
"cauchy",101,10000,51.7405046116676,NA,NA,5206.47783594582,NA,NA,99.9813457787134,9997.51698481296,1.38445681689276,"student_seed"
"cauchy",102,10000,2.19566754268124,NA,NA,226.413509970666,NA,NA,76.5126709390414,6768.9609772895,1.3420782142587,"student_seed"
"cauchy",105,10000,-1.07821991115813,NA,NA,157.005715705023,NA,NA,-79.8502494939734,7573.89602643288,1.32403946513052,"student_seed"
"cauchy",110,10000,-0.180267134717799,NA,NA,54.8698868405448,NA,NA,-2.6990668330887,809.803335375045,1.20368871494358,"student_seed"
"cauchy",150,10000,2.43108155480046,NA,NA,249.046447072736,NA,NA,69.0717213712714,6584.33796434695,1.33880972925354,"student_seed"
"cauchy",200,10000,0.947865677818054,NA,NA,82.4005248349226,NA,NA,33.0115845144757,2677.2809288524,1.25397491717032,"student_seed"
"cauchy",290,10000,-0.581160754575457,NA,NA,92.5966337918557,NA,NA,-32.9161117297236,2577.46916518252,1.27903161573878,"student_seed"
"cauchy",295,10000,1.64623137868793,NA,NA,92.4772666793249,NA,NA,61.1835203248758,4162.78445471658,1.2956261810023,"student_seed"
"cauchy",298,10000,-0.69239501588429,NA,NA,56.3299820673656,NA,NA,-23.2224760819395,1233.83425197789,1.21532269380875,"student_seed"
"cauchy",299,10000,1.32246030970776,NA,NA,94.2208169040125,NA,NA,65.0782702015761,5703.13559123533,1.29149171926672,"student_seed"
"cauchy",300,10000,-0.876004295855545,NA,NA,90.4564581936617,NA,NA,-33.9434805840739,2063.45801338289,1.25996828635085,"student_seed"
"cauchy",301,10000,-0.593499931155651,NA,NA,129.348559753588,NA,NA,-24.0576707199991,4123.33015769759,1.30618329599721,"student_seed"
"cauchy",302,10000,-0.042754203019862,NA,NA,39.2336175856879,NA,NA,18.0403517901502,1436.65022742008,1.19311399988299,"student_seed"
"cauchy",305,10000,-0.390865652033803,NA,NA,42.3269482103257,NA,NA,-22.3260397550824,1978.14070289694,1.21217595706556,"student_seed"
"cauchy",310,10000,9.47875494975718,NA,NA,727.099841105417,NA,NA,88.0709681810944,8156.7094013276,1.36507703161208,"student_seed"
"cauchy",490,10000,-0.814281705797295,NA,NA,58.0067848595369,NA,NA,-26.9002899112607,1476.52050738356,1.23502213789319,"student_seed"
"cauchy",495,10000,0.859405514831455,NA,NA,91.961413195166,NA,NA,19.9842442654841,2838.61703416716,1.27841252877247,"student_seed"
"cauchy",498,10000,-0.0890478044736475,NA,NA,77.5961680995225,NA,NA,-41.875095335558,3324.38480997948,1.26502136951965,"student_seed"
"cauchy",499,10000,1.26137282819863,NA,NA,130.053924250623,NA,NA,62.9058243403203,4487.51704634082,1.31687765980007,"student_seed"
"cauchy",500,10000,0.468305236869784,NA,NA,64.8062092799886,NA,NA,63.8258956339816,5659.70049853156,1.26741387600911,"student_seed"
"cauchy",501,10000,-1.74491945488026,NA,NA,212.653619774167,NA,NA,-65.0273719814399,6788.98405871125,1.34120649639414,"student_seed"
"cauchy",502,10000,67.9064108029566,NA,NA,6808.81679823009,NA,NA,99.9832058893324,9997.76367167275,1.38465367125905,"student_seed"
"cauchy",505,10000,-1.48379785877111,NA,NA,163.567357586817,NA,NA,-89.0011105349406,8580.78948197047,1.3338835340128,"student_seed"
"cauchy",510,10000,-0.052026304259423,NA,NA,76.9654928688024,NA,NA,19.0297820801942,1758.82929568534,1.24621914078784,"student_seed"
"cauchy",740,10000,1.00961975223784,NA,NA,164.091655608044,NA,NA,83.1285976303973,8027.11188242643,1.32851931190573,"student_seed"
"cauchy",745,10000,1.3606192269509,NA,NA,96.6179005479949,NA,NA,51.7760495113556,3769.15823574436,1.28608087852213,"student_seed"
"cauchy",748,10000,0.951764240006081,NA,NA,35.8032645267788,NA,NA,29.5381553844156,1382.8237552151,1.1829619680515,"student_seed"
"cauchy",749,10000,-1.39091051218231,NA,NA,157.973158088072,NA,NA,-64.5532029409134,6003.99578033781,1.3159674945155,"student_seed"
"cauchy",750,10000,-0.428336395300735,NA,NA,41.159603530812,NA,NA,-19.0279489887686,1072.97100756515,1.17727555163995,"student_seed"
"cauchy",751,10000,0.16170862272849,NA,NA,52.4667426277636,NA,NA,1.34412535260862,1301.01855706938,1.21333547384132,"student_seed"
"cauchy",752,10000,-3.80401567648337,NA,NA,359.414639039381,NA,NA,-87.59858126823,8315.8502289649,1.34925804708975,"student_seed"
"cauchy",755,10000,0.797507361161157,NA,NA,270.824001946218,NA,NA,11.4698938884274,4576.46825431987,1.34013671646056,"student_seed"
"cauchy",760,10000,-0.320568848746275,NA,NA,83.5910484283721,NA,NA,-79.0109524457608,7414.52598933725,1.2931117162195,"student_seed"
"cauchy",1000,10000,-6.33074704456151,NA,NA,527.594940663115,NA,NA,-89.7557557904415,8509.38196941247,1.35871288366941,"student_seed"
"cauchy",2000,10000,0.545329208013218,NA,NA,65.6465819323814,NA,NA,67.1815520242076,6098.96192452359,1.26451364253751,"student_seed"
"cauchy",5000,10000,1.0832385269136,NA,NA,136.091120131923,NA,NA,46.7917941456714,4440.72388913657,1.3014977915524,"student_seed"
"dependent_failure",1,10000,1.01113460285167,NA,NA,1.02883615468762,NA,NA,2.14104751978969,7.24528649548366,0.454605095492032,"student_seed"
"dependent_failure",2,10000,1.27857961923465,NA,NA,0.997961895496464,NA,NA,3.05570621901279,16.8027543094983,0.507789238717155,"student_seed"
"dependent_failure",3,10000,1.34255422379034,NA,NA,0.871780996840285,NA,NA,2.39207727478962,9.2381844557253,0.459891346784194,"student_seed"
"dependent_failure",5,10000,1.46661152363169,NA,NA,0.789176080529729,NA,NA,1.78925955696549,4.57757644326094,0.390412737068534,"student_seed"
"dependent_failure",10,10000,1.57615190031697,NA,NA,0.625169635990486,NA,NA,1.24416536029658,2.26213733323497,0.28767026008882,"student_seed"
"dependent_failure",15,10000,1.59667383630624,NA,NA,0.526943144485326,NA,NA,1.01607726974283,1.40791351712956,0.239914861979263,"student_seed"
"dependent_failure",20,10000,1.62657057352028,NA,NA,0.465441744777841,NA,NA,0.990650693016663,1.88588086007474,0.222012483209618,"student_seed"
"dependent_failure",30,10000,1.63399103676853,NA,NA,0.379842608404195,NA,NA,0.716363538738754,0.762268095661044,0.167715650453017,"student_seed"
"dependent_failure",50,10000,1.6543979780816,NA,NA,0.301838326410549,NA,NA,0.536725565281265,0.456609221070201,0.126699613322262,"student_seed"
"dependent_failure",75,10000,1.66100399816513,NA,NA,0.252544492143109,NA,NA,0.525506575897133,0.308910708928111,0.126744313163371,"student_seed"
"dependent_failure",90,10000,1.66118994958132,NA,NA,0.230967354242625,NA,NA,0.451721553859913,0.342362449384071,0.106229393375422,"student_seed"
"dependent_failure",95,10000,1.66704269624262,NA,NA,0.220953400340482,NA,NA,0.394664490066562,0.21551502008189,0.0935714339680625,"student_seed"
"dependent_failure",98,10000,1.66524471990942,NA,NA,0.218707515822556,NA,NA,0.398135037465577,0.176276896877648,0.0959210080312455,"student_seed"
"dependent_failure",99,10000,1.66752965085835,NA,NA,0.216653163810596,NA,NA,0.421732766237369,0.245663024832726,0.100070941726545,"student_seed"
"dependent_failure",100,10000,1.66231545375882,NA,NA,0.213028763727105,NA,NA,0.380246337206174,0.0921046640097051,0.0928770179450117,"student_seed"
"dependent_failure",101,10000,1.66396140951729,NA,NA,0.213994904338217,NA,NA,0.430924453839021,0.292506503631728,0.101276787783022,"student_seed"
"dependent_failure",102,10000,1.66451472792492,NA,NA,0.211057590767596,NA,NA,0.435425594316855,0.320711718571264,0.102129729331637,"student_seed"
"dependent_failure",105,10000,1.66490031991541,NA,NA,0.211384522017558,NA,NA,0.34361105922668,0.09858264935218,0.0834136287037986,"student_seed"
"dependent_failure",110,10000,1.66771381342145,NA,NA,0.206328979626289,NA,NA,0.366225564228579,0.114288703361216,0.0884147362914686,"student_seed"
"dependent_failure",150,10000,1.66658756538545,NA,NA,0.173735919392105,NA,NA,0.299003806528114,0.118636007588132,0.0715175899635723,"student_seed"
"dependent_failure",200,10000,1.66545725021601,NA,NA,0.151982657510486,NA,NA,0.248451049344837,0.097167270198667,0.0597727884245729,"student_seed"
"dependent_failure",290,10000,1.67105585488984,NA,NA,0.127901067957417,NA,NA,0.220531445851826,-0.0284442704445902,0.055092614324815,"student_seed"
"dependent_failure",295,10000,1.671844336319,NA,NA,0.12537466000901,NA,NA,0.223414792108103,0.0716832290116789,0.053812541578523,"student_seed"
"dependent_failure",298,10000,1.67038083338029,NA,NA,0.123249959499914,NA,NA,0.224720259801855,-0.00239897397220742,0.0557694093224796,"student_seed"
"dependent_failure",299,10000,1.67142085397791,NA,NA,0.126742186161994,NA,NA,0.249667693979263,0.0683223201079744,0.0597810674146241,"student_seed"
"dependent_failure",300,10000,1.67040796492773,NA,NA,0.124970326681403,NA,NA,0.191642291748563,0.0118355644506693,0.0474853275348677,"student_seed"
"dependent_failure",301,10000,1.67105636075948,NA,NA,0.124475968692077,NA,NA,0.212147281934363,0.0482208362232425,0.0517360729235735,"student_seed"
"dependent_failure",302,10000,1.67234240342651,NA,NA,0.123896364329084,NA,NA,0.220929670834254,0.114993230038959,0.052485794939983,"student_seed"
"dependent_failure",305,10000,1.67018923837104,NA,NA,0.122682128196274,NA,NA,0.251520224541407,0.0761597707235784,0.0601195546657175,"student_seed"
"dependent_failure",310,10000,1.6712426345076,NA,NA,0.123277963162731,NA,NA,0.234088630949655,0.0817634866262631,0.055890866281404,"student_seed"
"dependent_failure",490,10000,1.67171182287415,NA,NA,0.0972371893379143,NA,NA,0.170577011057495,0.0620774038809673,0.0410735200046609,"student_seed"
"dependent_failure",495,10000,1.672679936065,NA,NA,0.098322233405933,NA,NA,0.195105979400886,0.134279342733096,0.0467714075960908,"student_seed"
"dependent_failure",498,10000,1.67151617892206,NA,NA,0.0971134759367949,NA,NA,0.173735412493616,0.0799468136261596,0.0424441779499007,"student_seed"
"dependent_failure",499,10000,1.67159877532083,NA,NA,0.0969939933359798,NA,NA,0.149838012515342,-0.0430135366169072,0.0382576866297265,"student_seed"
"dependent_failure",500,10000,1.6721252004973,NA,NA,0.0969238814361358,NA,NA,0.168793250563879,0.0316812012892331,0.0414937128847008,"student_seed"
"dependent_failure",501,10000,1.67133953416668,NA,NA,0.0973735015872907,NA,NA,0.199038824995881,0.0827255304280273,0.0486544590137569,"student_seed"
"dependent_failure",502,10000,1.67234933805836,NA,NA,0.0964406637953791,NA,NA,0.161907882208297,0.0669796814803487,0.0395753973406571,"student_seed"
"dependent_failure",505,10000,1.67125569381035,NA,NA,0.0974428250103525,NA,NA,0.193326829264704,0.0530337488523474,0.0468311620008084,"student_seed"
"dependent_failure",510,10000,1.6722195650768,NA,NA,0.0959969368039265,NA,NA,0.212307858827216,0.0759393012957652,0.0514957079997373,"student_seed"
"dependent_failure",740,10000,1.67286338987599,NA,NA,0.0797380964352657,NA,NA,0.139936541652609,0.0507698337695247,0.0364796141895443,"student_seed"
"dependent_failure",745,10000,1.6729170930654,NA,NA,0.0791804790309272,NA,NA,0.118552466304969,-0.0356736405794047,0.0316227606711476,"student_seed"
"dependent_failure",748,10000,1.67315439642222,NA,NA,0.0799587180861121,NA,NA,0.109366413097653,-0.0361671832576662,0.0296583737940307,"student_seed"
"dependent_failure",749,10000,1.67285613893171,NA,NA,0.0796728110681966,NA,NA,0.125002310391176,-0.0156148528971854,0.0319807823284578,"student_seed"
"dependent_failure",750,10000,1.67386018250454,NA,NA,0.0798512327595073,NA,NA,0.149379200892124,0.00588342387622006,0.0369354097902647,"student_seed"
"dependent_failure",751,10000,1.67193795121377,NA,NA,0.0790035752534776,NA,NA,0.163831410603002,-0.00950221741297324,0.0413710666774739,"student_seed"
"dependent_failure",752,10000,1.67273350848545,NA,NA,0.0788838093285936,NA,NA,0.155630311766952,0.0590517440182326,0.0383501495720327,"student_seed"
"dependent_failure",755,10000,1.67234235809247,NA,NA,0.0795580626987922,NA,NA,0.180801267116915,-0.0100961360047472,0.0445838247482145,"student_seed"
"dependent_failure",760,10000,1.67280593547048,NA,NA,0.078319981567824,NA,NA,0.108147823457081,0.0619818937841385,0.0279432987807849,"student_seed"
"dependent_failure",1000,10000,1.67319941518593,NA,NA,0.068437837645759,NA,NA,0.162439951101062,0.0266788584346833,0.0394769307024708,"student_seed"
"nonidentical_bernoulli",1,10000,0.8951,0.9,-0.00489999999999968,0.306439848156279,0.3,0.0214661605209286,-2.57916219567897,4.65300819327282,0.902149906976067,"student_seed"
"nonidentical_bernoulli",2,10000,0.7042,0.7,0.00419999999999998,0.290190939000721,0.291547594742265,0.0046532908040043,-0.370326243504658,-0.73466255432039,0.540119285709658,"student_seed"
"nonidentical_bernoulli",3,10000,0.697133333333333,0.7,-0.00286666666666668,0.244971665029273,0.247206616236522,0.00904082277923704,-0.350406195313404,-0.478479257374497,0.430354602584652,"student_seed"
"nonidentical_bernoulli",5,10000,0.69612,0.7,-0.00387999999999988,0.197820269148247,0.194935886896179,0.0147965687488024,-0.301860139449852,-0.349481830138479,0.320166316268519,"student_seed"
"nonidentical_bernoulli",10,10000,0.70193,0.7,0.00192999999999988,0.139661109914545,0.139177477956638,0.00347492974443416,-0.260871015304068,-0.110435978007271,0.221337099939976,"student_seed"
"nonidentical_bernoulli",15,10000,0.700786666666667,0.7,0.000786666666666713,0.113516532228559,0.113947913469826,0.0037857756946231,-0.17957643160626,-0.168148594277426,0.178267713509276,"student_seed"
"nonidentical_bernoulli",20,10000,0.700235,0.7,0.000234999999999985,0.0979063498468526,0.0988086934168084,0.00913222853933944,-0.126244781983868,-0.0614946942961425,0.151627313326609,"student_seed"
"nonidentical_bernoulli",30,10000,0.699353333333333,0.7,-0.000646666666666573,0.0802551716598176,0.0807768792078487,0.00645862470978449,-0.166124330359794,0.0393448203125685,0.126897209721694,"student_seed"
"nonidentical_bernoulli",50,10000,0.700012,0.7,1.2000000000012e-05,0.0622079322810513,0.0626294577622371,0.00673046672040593,-0.0846071433191652,-0.00355559343081817,0.0959925236718302,"student_seed"
"nonidentical_bernoulli",75,10000,0.700636,0.7,0.000636000000000081,0.0512700966521982,0.051160701885504,0.00213825773811611,-0.057018120756588,-0.0569258817124462,0.0772515015030071,"student_seed"
"nonidentical_bernoulli",90,10000,0.69948,0.7,-0.000520000000000076,0.0467308799190391,0.0467103416099335,0.000439695116705497,-0.102805836420018,-0.0190720090311412,0.0737670485703193,"student_seed"
"nonidentical_bernoulli",95,10000,0.70058,0.7,0.000580000000000025,0.0452097710014263,0.0454663529406092,0.00564333672239165,-0.0679132185575325,-0.0440820841409231,0.0701041541486819,"student_seed"
"nonidentical_bernoulli",98,10000,0.699432653061224,0.7,-0.00056734693877547,0.0447245604712591,0.0447660303721334,0.00092636985074595,-0.0851862572240919,0.00619657160413463,0.0701630153602151,"student_seed"
"nonidentical_bernoulli",99,10000,0.699875757575758,0.7,-0.00012424242424236,0.0444617347182935,0.0445396835681939,0.00175009887039476,-0.0557468831928956,-0.0257408348677171,0.0676024227667236,"student_seed"
"nonidentical_bernoulli",100,10000,0.699744,0.7,-0.000255999999999923,0.0440146361204925,0.044316735709809,0.00681682855196655,-0.0656296089574749,-0.0185545752740143,0.0681439218114399,"student_seed"
"nonidentical_bernoulli",101,10000,0.699659405940594,0.7,-0.000340594059405896,0.0441432780922505,0.0440971025742684,0.00104713269776252,-0.0501364501146133,-0.0390822128381843,0.0669061226000316,"student_seed"
"nonidentical_bernoulli",102,10000,0.699569607843137,0.7,-0.00043039215686258,0.0441970147552363,0.0438807028318812,0.00720845161863041,-0.0594110024091385,-0.0100919747773247,0.0670002117226111,"student_seed"
"nonidentical_bernoulli",105,10000,0.699251428571429,0.7,-0.000748571428571543,0.0435783921279857,0.0432501314515213,0.00758981916233948,-0.101838272100543,0.0836461595426433,0.068843048647329,"student_seed"
"nonidentical_bernoulli",110,10000,0.6999,0.7,-0.0001000000000001,0.0425212312031419,0.0422570078479323,0.00625277010053374,-0.0756099648810209,-0.072899113277943,0.0664872742375795,"student_seed"
"nonidentical_bernoulli",150,10000,0.699889333333333,0.7,-0.000110666666666592,0.0357584497800599,0.0361927889456303,0.0120007100370984,-0.0197070480468093,-0.0693057190487044,0.0556121592761635,"student_seed"
"nonidentical_bernoulli",200,10000,0.699842,0.7,-0.000157999999999991,0.0313247212248733,0.0313474610867119,0.000725413192976623,-0.0615342202363508,0.0135993082856089,0.0499181631716954,"student_seed"
"nonidentical_bernoulli",290,10000,0.700458620689655,0.7,0.000458620689655187,0.0260387557857398,0.0260354131814705,0.000128386833962857,-0.0530018676303551,0.0261507169144595,0.0414519702662761,"student_seed"
"nonidentical_bernoulli",295,10000,0.699896949152542,0.7,-0.000103050847457542,0.025672637254559,0.0258139342031944,0.00547366966705563,-0.049039935888569,-0.0365788140222547,0.0417599572909659,"student_seed"
"nonidentical_bernoulli",298,10000,0.699979865771812,0.7,-2.0134228187918e-05,0.0259469420725699,0.0256837294688728,0.0102482236474299,-0.0318851169876668,0.10291653292983,0.0405094276020348,"student_seed"
"nonidentical_bernoulli",299,10000,0.700119397993311,0.7,0.000119397993310955,0.025612281670117,0.0256407637675269,0.00111081314379534,-0.0377042195320235,0.022400845494105,0.0405158216902165,"student_seed"
"nonidentical_bernoulli",300,10000,0.699998666666667,0.7,-1.33333333329766e-06,0.0256399247034021,0.0255980129756539,0.00163730394964614,-0.0273252749840213,0.0531534163976114,0.0402510304052962,"student_seed"
"nonidentical_bernoulli",301,10000,0.700266777408638,0.7,0.000266777408637786,0.0259621189215945,0.0255554753076243,0.0159121913826773,-0.0697232456528635,-0.0287221655030434,0.0427479209549555,"student_seed"
"nonidentical_bernoulli",302,10000,0.699766556291391,0.7,-0.000233443708609227,0.0256692234204036,0.0255131489985106,0.00611741113972532,-0.0201406336738447,-0.0983894038224369,0.0399156643903724,"student_seed"
"nonidentical_bernoulli",305,10000,0.700012459016393,0.7,1.24590163933513e-05,0.0252221526384597,0.0253874208794997,0.00650984760619907,-0.0105168538626743,0.0423194440455437,0.0393735510428996,"student_seed"
"nonidentical_bernoulli",310,10000,0.699989032258065,0.7,-1.09677419355414e-05,0.0248986595543334,0.0251819422483999,0.0112494378420897,-0.0388302017821616,0.0355759501662289,0.0398999138936312,"student_seed"
"nonidentical_bernoulli",490,10000,0.70011693877551,0.7,0.000116938775510111,0.0199449437858038,0.0200312069595704,0.00430643914471289,-0.0275986295848281,0.0359079372880713,0.0326663128762035,"student_seed"
"nonidentical_bernoulli",495,10000,0.70001797979798,0.7,1.79797979797947e-05,0.020113059980281,0.0199298104498203,0.00919474527478045,-0.077405539430316,-0.0986943663475328,0.0375335245076877,"student_seed"
"nonidentical_bernoulli",498,10000,0.699894176706827,0.7,-0.000105823293172658,0.019778093459814,0.0198697066857717,0.00461069845702821,-0.0208705053701503,-0.0970181900421965,0.0331198761828674,"student_seed"
"nonidentical_bernoulli",499,10000,0.699867334669339,0.7,-0.000132665330661363,0.0197886723344475,0.019849792614033,0.00307913945369363,-0.0693502028106,0.10438041601847,0.0357121573194377,"student_seed"
"nonidentical_bernoulli",500,10000,0.7001792,0.7,0.000179199999999935,0.0197271286131647,0.0198299382980838,0.00518456907801372,-0.0221011201841586,0.0480921855830049,0.0330653983475658,"student_seed"
"nonidentical_bernoulli",501,10000,0.70000878243513,0.7,8.78243512969501e-06,0.0197215268656126,0.0198101434396742,0.00447329290327538,-0.0348108198080161,-0.0568586342441256,0.03286631779029,"student_seed"
"nonidentical_bernoulli",502,10000,0.700266334661355,0.7,0.000266334661354617,0.0197338159774289,0.0197904077426339,0.00285955529269775,-0.0603148597685633,-0.0514112997871928,0.0357941565225612,"student_seed"
"nonidentical_bernoulli",505,10000,0.70026198019802,0.7,0.000261980198019707,0.0200047933281839,0.019731552688838,0.0138479035915168,-0.0494837020636488,0.0244359648914079,0.0329799927690227,"student_seed"
"nonidentical_bernoulli",510,10000,0.700000392156863,0.7,3.92156862760729e-07,0.0196614614664138,0.019634617107012,0.00136719546174646,-0.0397239653430829,0.0540809932496373,0.0329643113139745,"student_seed"
"nonidentical_bernoulli",740,10000,0.700048918918919,0.7,4.89189189188943e-05,0.0163826808815983,0.0163008282772225,0.00502137701126246,0.0282546670198178,-0.0763036154606455,0.0273903366188135,"student_seed"
"nonidentical_bernoulli",745,10000,0.700247785234899,0.7,0.000247785234899212,0.016380724088239,0.0162460454402497,0.00828993421719801,-0.0549452983767421,-0.008771680616775,0.0284817974771558,"student_seed"
"nonidentical_bernoulli",748,10000,0.700030347593583,0.7,3.03475935827802e-05,0.0161661569989502,0.0162134396749488,0.00291626434282239,-0.0143701487777079,0.0648917230673781,0.0277779364346141,"student_seed"
"nonidentical_bernoulli",749,10000,0.700257943925234,0.7,0.000257943925233706,0.0159317472098942,0.0162026146352494,0.0167175132812173,0.00198141331763863,0.0169405948285805,0.0271025680646845,"student_seed"
"nonidentical_bernoulli",750,10000,0.6999304,0.7,-6.9600000000003e-05,0.0162453477879134,0.0161918112489167,0.00330639594136034,0.0141158362282731,-0.0965268409005615,0.0307229732192861,"student_seed"
"nonidentical_bernoulli",751,10000,0.70014620505992,0.7,0.000146205059920135,0.0163315927748473,0.0161810294438579,0.00930492905360392,-0.00708785912177369,-0.103997453824215,0.028635721544299,"student_seed"
"nonidentical_bernoulli",752,10000,0.700214627659574,0.7,0.000214627659574473,0.016243608317386,0.016170269148316,0.00453543279937793,-0.0505276326998518,0.0358959588428518,0.0308552040233484,"student_seed"
"nonidentical_bernoulli",755,10000,0.700014437086093,0.7,1.44370860927223e-05,0.0161362952552452,0.0161381166062119,0.000112860193734611,-0.0618983994750504,-0.0393440442423303,0.0323203619207458,"student_seed"
"nonidentical_bernoulli",760,10000,0.700131315789474,0.7,0.000131315789473674,0.0161350600051785,0.0160849526249032,0.00311517114434703,-0.0579379191025628,-0.047827102630047,0.0291527954508957,"student_seed"
"nonidentical_bernoulli",1000,10000,0.7002261,0.7,0.000226099999999896,0.0140595713286214,0.0140228375625848,0.002619567250394,-0.0484021719952623,0.0639916815462199,0.0267237020355283,"student_seed"
"age_at_death",1,10000,49.8944,49.9809754772122,-0.0865754772121861,27.5999243517517,27.634515697591,0.00125174423962483,-0.857146352311342,-0.788827934047549,0.437762898853959,"student_seed"
"age_at_death",2,10000,50.00985,49.9809754772122,0.0288745227877953,19.5368868290779,19.5405534445727,0.000187641332942431,-0.617455962637593,-0.389355082410632,0.270603042228776,"student_seed"
"age_at_death",3,10000,49.8039,49.9809754772122,-0.177075477212192,15.8902103056329,15.9547950769291,0.00404798500919592,-0.48303660341346,-0.248500946312342,0.18285422786511,"student_seed"
"age_at_death",5,10000,49.94916,49.9809754772122,-0.0318154772121915,12.2267691841659,12.3585311250197,0.0106616182393268,-0.378593122962315,-0.124104458149309,0.113680030569422,"student_seed"
"age_at_death",10,10000,50.03889,49.9809754772122,0.0579145227878115,8.76768155169192,8.73880116400645,0.00330484549807917,-0.274451472027138,-0.0236230591500168,0.0698208176456747,"student_seed"
"age_at_death",15,10000,49.9286666666667,49.9809754772122,-0.0523088105455258,7.12933168625115,7.1352012718185,0.000822623685547216,-0.211547598832813,-0.051352589364928,0.0542549241007301,"student_seed"
"age_at_death",20,10000,50.04075,49.9809754772122,0.0597745227878121,6.19271050541202,6.17926556250985,0.0021758156800605,-0.202276907113679,0.00905293922706845,0.0495535274186881,"student_seed"
"age_at_death",30,10000,49.9518966666667,49.9809754772122,-0.0290788105455206,5.03831788294333,5.04534920443374,0.00139362434699756,-0.172056388278389,0.0420746573615806,0.0421608611684747,"student_seed"
"age_at_death",50,10000,49.965422,49.9809754772122,-0.0155534772121939,3.90223307661325,3.90811068891454,0.00150395236193415,-0.134520077523512,-0.018558960293488,0.0372085520862355,"student_seed"
"age_at_death",75,10000,50.016224,49.9809754772122,0.0352485227878105,3.16987336452015,3.19095901538582,0.00660793534608351,-0.111150180924994,-0.0208997273380686,0.0284408789122784,"student_seed"
"age_at_death",90,10000,49.9694788888889,49.9809754772122,-0.011496588323304,2.94295459657182,2.91293372133548,0.0103060618978213,-0.0872491515864719,0.00566849169962748,0.0260513077632146,"student_seed"
"age_at_death",95,10000,49.9705684210526,49.9809754772122,-0.0104070561595577,2.84635293480198,2.83524148760858,0.00391904789837687,-0.10233927755509,0.056698695161074,0.0262186885453501,"student_seed"
"age_at_death",98,10000,50.0121602040816,49.9809754772122,0.0311847268694407,2.78695369162432,2.79150763493896,0.00163135620968305,-0.0748045159566586,-0.0436288940585077,0.0206484227554099,"student_seed"
"age_at_death",99,10000,49.9615070707071,49.9809754772122,-0.0194684065051192,2.80712889476544,2.77737332824533,0.0107135638617605,-0.13912347076362,-0.0326453135460084,0.0347065980214729,"student_seed"
"age_at_death",100,10000,49.966101,49.9809754772122,-0.0148744772121887,2.73976965848904,2.7634515697591,0.00856968565297785,-0.085385078772449,0.0432440176119735,0.0227017598785349,"student_seed"
"age_at_death",101,10000,49.9626089108911,49.9809754772122,-0.0183665663210988,2.81916567577933,2.74973708525448,0.0252491741472887,-0.0537260617254942,0.0140945857580836,0.0154902146734894,"student_seed"
"age_at_death",102,10000,49.9697147058824,49.9809754772122,-0.0112607713298374,2.70075470246407,2.73622478193201,0.0129631453169194,-0.0830984058278719,-0.0297172673724495,0.0227537240359797,"student_seed"
"age_at_death",105,10000,50.0091314285714,49.9809754772122,0.0281559513592384,2.69520980356047,2.69685258851765,0.000609148962819795,-0.0691677034837163,0.0161557267947081,0.0184183080788583,"student_seed"
"age_at_death",110,10000,49.9727545454545,49.9809754772122,-0.00822093175764849,2.644373993234,2.63484768895731,0.00361550472788929,-0.0772541608998961,0.0046953346058519,0.022246498571352,"student_seed"
"age_at_death",150,10000,49.9736826666667,49.9809754772122,-0.00729281054552189,2.23809178470928,2.25634875826766,0.00809137926549866,-0.0504825642719575,-0.061188663702924,0.0182015650641377,"student_seed"
"age_at_death",200,10000,50.010418,49.9809754772122,0.0294425227878108,1.95676323108092,1.95405534445727,0.0013857778549258,-0.0918730597867051,0.0562363423894038,0.02445069085674,"student_seed"
"age_at_death",290,10000,49.9879003448276,49.9809754772122,0.00692486761539612,1.59455324979662,1.62275463741219,0.0173787133096991,-0.0552310105711942,0.00228966294002266,0.0183091748610406,"student_seed"
"age_at_death",295,10000,49.9713088135593,49.9809754772122,-0.00966666365286528,1.6127221093598,1.60894370848893,0.00234837356393186,-0.0494388295194081,0.0493502402093553,0.015833837510702,"student_seed"
"age_at_death",298,10000,49.9797208053691,49.9809754772122,-0.00125467184306416,1.6282990995039,1.60082451264023,0.0171627724630238,-0.0196882511969098,-0.0709314029853186,0.0176529673643842,"student_seed"
"age_at_death",299,10000,49.9613715719064,49.9809754772122,-0.0196039053058357,1.59781941031944,1.59814530655724,0.000203921531075118,-0.0467130653744097,-0.0328903427831514,0.017312381343693,"student_seed"
"age_at_death",300,10000,49.9699506666667,49.9809754772122,-0.0110248105455213,1.59634644833065,1.59547950769291,0.000543373094768239,-0.0244794663149692,-0.0377854022497158,0.0173506478236098,"student_seed"
"age_at_death",301,10000,49.9959893687708,49.9809754772122,0.0150138915585742,1.58802684523723,1.59282700459887,0.00301360998261856,-0.0645919067826515,0.0298703002071452,0.0179182049044755,"student_seed"
"age_at_death",302,10000,50.0110860927152,49.9809754772122,0.0301106155030411,1.56980682639496,1.59018768711943,0.0128166384946617,-0.0853537514497547,-0.0677453830347082,0.024798757557841,"student_seed"
"age_at_death",305,10000,49.9974268852459,49.9809754772122,0.0164514080337099,1.57281274359461,1.58234776580111,0.00602587017378615,-0.0355960104895709,-0.0139089901844082,0.0128644881832379,"student_seed"
"age_at_death",310,10000,49.9965561290323,49.9809754772122,0.0155806518200663,1.57820648940835,1.56953502241331,0.00552486365146947,-0.0573042619167209,-0.0452317315151413,0.0171351216816052,"student_seed"
"age_at_death",490,10000,50.0045255102041,49.9809754772122,0.0235500329918921,1.24605559061324,1.24840016628664,0.00187806421107025,-0.0093797107361088,-0.00683510347281959,0.0114775139634276,"student_seed"
"age_at_death",495,10000,49.9645,49.9809754772122,-0.0164754772121896,1.22872697525825,1.24207911217028,0.0107498280755235,-0.0332461707422639,-0.0513045933353478,0.0153747543378738,"student_seed"
"age_at_death",498,10000,49.9753445783133,49.9809754772122,-0.00563089889893575,1.23514290561146,1.23833225864953,0.0025755228581014,0.00809229199125304,-0.0589731477972107,0.0169096751556436,"student_seed"
"age_at_death",499,10000,49.9795100200401,49.9809754772122,-0.00146545717210955,1.24976069019843,1.23709082248919,0.0102416633273063,-0.0489684928473972,-0.00785949768637663,0.0210510369123942,"student_seed"
"age_at_death",500,10000,49.9808628,49.9809754772122,-0.000112677212193546,1.24345575337333,1.23585311250197,0.00615173501967809,-0.0307841076214631,0.027937679618051,0.0152264812179499,"student_seed"
"age_at_death",501,10000,49.9862355289421,49.9809754772122,0.00526005172992683,1.22916679751522,1.2346191100849,0.00441619000154819,-0.0306242784718469,-0.0974075661369882,0.0159015530177049,"student_seed"
"age_at_death",502,10000,49.9771344621514,49.9809754772122,-0.00384101506079304,1.24175372744272,1.23338879676478,0.0067820712332442,-0.0458713928183464,0.0815136030689007,0.0178244631852448,"student_seed"
"age_at_death",505,10000,49.9806093069307,49.9809754772122,-0.000366170281495215,1.21834803433786,1.22971980857623,0.00924745145931459,-0.0283890318907827,-0.0426835034306137,0.0115730016879025,"student_seed"
"age_at_death",510,10000,49.9759937254902,49.9809754772122,-0.00498175172199211,1.23479451514806,1.2236769228239,0.00908539837337324,-0.0577649678528904,-0.0280064257877199,0.0173916876835572,"student_seed"
"age_at_death",740,10000,49.9674541891892,49.9809754772122,-0.013521288023,1.01484467043305,1.01586500076749,0.00100439559751789,-0.0551056977094364,-0.0170709238413913,0.0199154186465502,"student_seed"
"age_at_death",745,10000,49.9935889932886,49.9809754772122,0.0126135160763994,1.00198842186207,1.01245031883442,0.0103332447802408,-0.0220496495362851,-0.0183873830802539,0.0121034131326394,"student_seed"
"age_at_death",748,10000,49.9824402406417,49.9809754772122,0.00146476342951729,1.02587973770758,1.01041796418783,0.0153023541423013,-0.0178749501134443,-0.00488539258618784,0.0120663992838425,"student_seed"
"age_at_death",749,10000,49.9771419225634,49.9809754772122,-0.00383355464877155,1.00680556509919,1.00974322757556,0.002909316345134,-0.0480529415430919,-0.0638402506414366,0.0189025824160127,"student_seed"
"age_at_death",750,10000,49.9625432,49.9809754772122,-0.0184322772121917,1.01826863534336,1.00906984088675,0.00911611276433041,-0.0116610662434113,-0.0522552618188433,0.0124388514182019,"student_seed"
"age_at_death",751,10000,49.9649818908122,49.9809754772122,-0.0159935863999436,1.01808028441246,1.00839779962613,0.00960185037087591,-0.00199559643526113,0.0197607789182506,0.0120774542518479,"student_seed"
"age_at_death",752,10000,49.9858097074468,49.9809754772122,0.00483423023462137,1.00827806954763,1.00772709931939,0.000546745471685433,-0.056812592310182,0.0353081728832997,0.0173713446672756,"student_seed"
"age_at_death",755,10000,49.9845135099338,49.9809754772122,0.00353803272158615,0.988987903507791,1.00572299969052,0.0166398662334242,-0.02409907016178,-0.0191683545397567,0.0106595859351442,"student_seed"
"age_at_death",760,10000,49.9909298684211,49.9809754772122,0.00995439120886488,1.00170819720722,1.00240924109473,0.000699358963155466,-0.0474146039254898,-0.0678110441917915,0.0179004078462172,"student_seed"
