"n","skewness_q025","skewness_q975","excess_kurtosis_q025","excess_kurtosis_q975","qq_rmse_q025","qq_rmse_q975"
1,-0.0329818454834828,0.0322118169412347,-0.0702309451831428,0.105798727186061,0.0096545071251055,0.0181071564629165
2,-0.0156270417169441,0.0618131135334436,-0.0913145975478353,0.116444374370441,0.00875453979617097,0.0200042153925985
3,-0.0306328586114548,0.0412760491958804,-0.0961044176990651,0.0850354880683178,0.00929667260603404,0.017456781815553
5,-0.0549394851965563,0.0435942169759323,-0.0963336976271552,0.0750456231610693,0.00913990509631342,0.0196729098146654
10,-0.051817986610875,0.0490956888510952,-0.0628271274169139,0.104593872283274,0.00993543089352967,0.0214474672274085
15,-0.0328735108775763,0.0415766847314094,-0.0828621404388355,0.0609338097364473,0.0106691501051764,0.0166078211664882
20,-0.0410772220850307,0.0354991226114547,-0.0672164297475046,0.0955297608345402,0.010121756714679,0.0172395109794043
30,-0.0528229513992535,0.0296334697263118,-0.114273205380303,0.0890595365142111,0.00991860056227986,0.0196158540297611
50,-0.0381733743700314,0.0337453525510098,-0.110626557289096,0.0612094099972088,0.010962999815964,0.0185780457917533
75,-0.0464848889192785,0.047677027743032,-0.082255570209247,0.0477935270088981,0.00894882233674398,0.0180864869361751
100,-0.0406222904113293,0.045761469871068,-0.0631688023200888,0.0695267508599909,0.0107771442125096,0.0163939739196429
150,-0.047156693463944,0.0450505940540004,-0.0814797512277285,0.0930011262731349,0.00922717297185074,0.0190146928814486
200,-0.0467715503781412,0.0515631528820843,-0.0853174906347057,0.084896016793008,0.00853262019035935,0.0214447289162569
300,-0.0341935325765943,0.0410512415492212,-0.0865488358463704,0.0587381496187221,0.00983973146433834,0.0184705309570865
500,-0.0405082870704634,0.0293958359182688,-0.0928463258205739,0.0762802497403583,0.00861352377090142,0.0181081008818111
